n,Gender,nameSet,Title,FirstName,MiddleName,LastName,Street,City,State,Zip,Country,Email,Phone,Birthday,Age,Company
1,male,England/Wales,Mr.,Ellis,M,Carroll,2070 Willis Avenue,Daytona Beach,FL,32114,US,EllisCarroll@teleworm.us,386-441-5481,10/8/70,46,Loblaws
2,female,American,Mrs.,Loretta,F,Soto,2311 Owen Lane,Traverse City,MI,49684,US,LorettaFSoto@armyspy.com,231-932-1664,3/20/92,25,Zephyr Investments
3,male,German,Mr.,J�rg,B,Muller,578 Dale Avenue,Tacoma,WA,98491,US,JorgMuller@jourrapide.com,253-906-5389,6/25/70,46,MVP Sports
4,female,England/Wales,Ms.,Isobel,B,Clarke,544 Caldwell Road,Rochester,NY,14620,US,IsobelClarke@fleckens.hu,585-333-8819,7/12/95,21,Vitagee
5,female,England/Wales,Ms.,Sophia,D,Fleming,3345 Fairfax Drive,Bayville,NJ,8721,US,SophiaFleming@armyspy.com,908-910-2658,7/21/64,52,Wealth Zone Group
6,female,German,Mrs.,Michelle,M,Dietrich,2141 Midway Road,Fort Smith,AR,72908,US,MichelleDietrich@superrito.com,479-461-8791,8/21/82,34,Suadela Investment
7,male,England/Wales,Mr.,Archie,S,Adams,4922 Crosswind Drive,Bowling Green,KY,42101,US,ArchieAdams@teleworm.us,270-893-1296,3/12/68,49,Incredible Universe
8,female,German,Mrs.,Lisa,M,Meier,2131 Tori Lane,Salt Lake City,UT,84116,US,LisaMeier@rhyta.com,801-608-4166,2/8/88,29,Planet Pizza
9,male,German,Mr.,Felix,D,Hoffmann,1362 Harter Street,Huntsville,OH,43324,US,FelixHoffmann@gustr.com,937-686-4517,2/15/60,57,Boston Sea Party
10,female,American,Ms.,Cynthia,G,Chavez,586 Berry Street,Sheridan Lake,CO,81071,US,CynthiaGChavez@gustr.com,719-729-7428,10/25/60,56,Heilig-Meyers
11,female,German,Mrs.,Jessica,S,Hueber,1157 Washburn Street,Baton Rouge,LA,70806,US,JessicaHueber@gustr.com,225-317-5865,4/8/78,39,Webcom Business Services
12,male,England/Wales,Mr.,Brandon,K,Williams,826 Freedom Lane,Dos Palos,CA,93620,US,BrandonWilliams@jourrapide.com,209-392-8854,2/2/40,77,Source Club
13,male,American,Mr.,Arthur,J,Wilson,24 Glendale Avenue,Los Angeles,CA,90017,US,ArthurJWilson@dayrep.com,818-656-7142,11/26/60,56,Great Clothes
14,female,England/Wales,Ms.,Isabel,P,Robinson,306 Romines Mill Road,Dallas,TX,75202,US,IsabelRobinson@cuvox.de,214-658-0631,6/27/83,33,Coast to Coast Hardware
15,male,German,Mr.,Tom,A,Schweitzer,3156 Abner Road,Poplar,WI,54864,US,TomSchweitzer@einrot.com,715-364-4877,5/24/58,59,DGS HomeSource
16,male,England/Wales,Mr.,Rhys,R,Lee,2886 Worthington Drive,Irving,TX,75038,US,RhysLee@dayrep.com,972-582-0822,2/4/88,29,Beasts of Beauty
17,female,England/Wales,Mrs.,Holly,I,Barlow,406 Gordon Street,Chino,CA,91710,US,HollyBarlow@armyspy.com,909-590-9106,9/16/68,48,Adaptaz
18,female,England/Wales,Ms.,Victoria,J,Morley,3171 Boring Lane,San Francisco,CA,94103,US,VictoriaMorley@dayrep.com,415-703-7049,1/6/44,73,Del Farm
19,male,German,Mr.,Maximilian,C,Eichelberger,1195 Seth Street,Abilene,TX,79601,US,MaximilianEichelberger@cuvox.de,325-513-9547,6/4/43,73,Belle Lady
20,male,American,Mr.,Jose,G,Anderson,2935 Ray Court,Laurinburg,NC,28352,US,JoseGAnderson@rhyta.com,910-291-9540,7/7/34,82,Alexander's
21,female,German,Mrs.,Jessica,P,Theissen,1889 Froe Street,Gassaway,WV,26624,US,JessicaTheissen@teleworm.us,304-364-1937,5/29/78,39,Atlas Realty
22,female,German,Ms.,Sarah,L,Schaefer,4249 Baker Avenue,Fort Worth,TX,76147,US,SarahSchaefer@armyspy.com,817-864-4266,7/10/63,53,Crandall's Fine Furniture
23,female,England/Wales,Mrs.,Madison,L,Perry,3304 Marietta Street,Vallejo,CA,94590,US,MadisonPerry@fleckens.hu,707-550-5646,9/20/45,71,Wheels Discount Auto
24,female,German,Ms.,Kerstin,K,Lehrer,814 Emily Renzelli Boulevard,Carmel,CA,93921,US,KerstinLehrer@jourrapide.com,831-624-5668,5/25/87,30,Strawberries
25,female,American,Mrs.,Maria,C,Santana,1519 Stonecoal Road,Berlin Heights,OH,44814,US,MariaCSantana@rhyta.com,419-588-1543,2/29/76,41,Matrix Interior Design
26,male,American,Mr.,James,B,Alba,1607 Washburn Street,Baton Rouge,LA,70801,US,JamesBAlba@gustr.com,225-386-5430,11/14/91,25,Spaceage Stereo
27,male,American,Mr.,Samuel,B,Payne,3955 University Street,Seattle,WA,98101,US,SamuelBPayne@superrito.com,206-358-1450,12/23/37,79,Suadela Investment
28,female,England/Wales,Ms.,Charlotte,R,Kent,2804 Eva Pearl Street,Galvez,LA,70769,US,CharlotteKent@rhyta.com,225-622-4209,9/11/86,30,Sportswest
29,male,England/Wales,Mr.,Scott,T,Hilton,2699 Little Street,Akron,OH,44311,US,ScottHilton@teleworm.us,330-563-6758,12/29/62,54,Prahject Planner
30,female,German,Ms.,Diana,S,Brauer,3353 Alfred Drive,Forest Hills,NY,11375,US,DianaBrauer@gustr.com,718-275-8694,4/23/72,45,Matrix Architectural Service
31,female,German,Mrs.,Lena,N,Fisher,3967 Callison Lane,Newark,DE,19714,US,LenaFisher@gustr.com,302-483-6255,7/18/38,78,Hudson's MensWear
32,male,German,Mr.,Erik,A,Gerste,3781 John Avenue,East Lansing,MI,48823,US,ErikGerste@teleworm.us,517-906-4329,2/13/67,50,Harold Powell
33,female,German,Mrs.,Anna,M,Drechsler,3617 Stroop Hill Road,Atlanta,GA,30342,US,AnnaDrechsler@teleworm.us,404-847-2942,9/7/35,81,Opticomp
34,female,England/Wales,Mrs.,Skye,H,Lowe,1954 C Street,Boston,MA,2215,US,SkyeLowe@jourrapide.com,508-400-2377,9/19/54,62,Market Basket
35,male,German,Mr.,Markus,S,Lang,3393 Bridge Street,Wardville,OK,74576,US,MarkusLang@superrito.com,918-874-7386,3/25/91,26,The Wiz
36,female,German,Ms.,Sabrina,M,Luft,1405 Poplar Chase Lane,Twin Falls,ID,83301,US,SabrinaLuft@cuvox.de,208-358-6421,7/12/80,36,Super Shops
37,male,German,Mr.,Robert,S,Saenger,2631 Patterson Street,Houston,TX,77007,US,RobertSaenger@gustr.com,713-293-0361,1/14/98,19,Netaid
38,female,American,Ms.,Virgie,R,Hilton,2874 Central Avenue,Teterboro,NJ,7608,US,VirgieRHilton@fleckens.hu,201-362-5136,5/6/59,58,Asian Answers
39,female,England/Wales,Ms.,Sofia,C,Newman,2360 Hazelwood Avenue,Des Moines,IA,50315,US,SofiaNewman@cuvox.de,515-285-2490,7/25/46,70,Mars Music
40,male,German,Mr.,Frank,B,Schreiber,3015 Franklin Street,Dothan,AL,36303,US,FrankSchreiber@superrito.com,334-716-1214,3/20/43,74,Plan Smart
41,male,England/Wales,Mr.,Dylan,A,Stewart,1120 Maxwell Street,New London,CT,6320,US,DylanStewart@cuvox.de,860-701-2781,8/15/95,21,John Plain
42,male,England/Wales,Mr.,Jamie,C,O'Neill,2255 Nutter Street,Overlandpk,MO,66210,US,JamieONeill@dayrep.com,816-309-8429,11/25/92,24,Eisner Food Stores
43,female,England/Wales,Ms.,Amelia,T,Bell,4911 Par Drive,Los Angeles,CA,90017,US,AmeliaBell@cuvox.de,805-856-6755,5/12/89,28,The Fox and Hound
44,female,German,Mrs.,Leonie,P,Eichel,3699 West Street,Kentwood,MI,49512,US,LeonieEichel@einrot.com,616-788-9441,11/19/43,73,Netobill
45,female,American,Mrs.,Jeanne,D,Harris,4594 Hawks Nest Lane,Saint Louis,MO,63108,US,JeanneDHarris@teleworm.us,314-715-3773,8/29/49,67,Record Town
46,male,American,Mr.,Bob,K,Bourget,4283 Traders Alley,Independence,MO,64055,US,BobKBourget@armyspy.com,816-350-8289,9/29/70,46,MegaSolutions
47,female,England/Wales,Dr.,Isabel,M,Kent,1391 New Street,Coos Bay,OR,97420,US,IsabelKent@fleckens.hu,541-266-5103,9/30/95,21,Second Time Around
48,female,American,Dr.,Linda,C,Braswell,772 Ward Road,Monsey,NY,10952,US,LindaCBraswell@einrot.com,914-957-6491,3/27/69,48,Consumers and Consumers Express
49,male,American,Mr.,John,E,Smith,100 Woodbridge Lane,Detroit,MI,48207,US,JohnESmith@superrito.com,313-567-3401,8/27/39,77,Xray Eye & Vision Clinics
50,female,England/Wales,Ms.,Alicia,J,Ross,3036 Stoneybrook Road,Cocoa,FL,32922,US,AliciaRoss@armyspy.com,321-634-2515,11/14/69,47,Ernst Home Centers
51,female,England/Wales,Mrs.,Libby,B,Abbott,275 Felosa Drive,San Angelo,TX,76903,US,LibbyAbbott@dayrep.com,325-315-5988,8/23/81,35,Afforda
52,male,American,Mr.,James,R,Cash,1645 Scenic Way,Philo,IL,61864,US,JamesRCash@fleckens.hu,217-684-4533,1/21/63,54,JasmineSola
53,female,American,Mrs.,Marla,D,Obryan,939 Jennifer Lane,Durham,NC,27713,US,MarlaDObryan@rhyta.com,919-484-0333,11/20/67,49,Rose Records
54,male,England/Wales,Mr.,Tyler,C,Shah,3733 Morris Street,Pleasanton,TX,74135,US,TylerShah@armyspy.com,830-275-0886,11/23/49,67,Total Yard Maintenance
55,male,German,Mr.,Benjamin,M,Luft,317 Turnpike Drive,Huntsville,AL,35810,US,BenjaminLuft@dayrep.com,256-372-9193,9/29/75,41,Network Air
56,female,German,Ms.,Lena,D,Kuester,4857 Oliverio Drive,Wichita,KS,67202,US,LenaKuester@superrito.com,620-604-0358,9/7/83,33,Pro Yard Services
57,male,American,Mr.,Travis,C,Moore,3621 Bicetown Road,New York,NY,10016,US,TravisCMoore@teleworm.us,917-317-0520,5/6/38,79,Record Town
58,female,American,Mrs.,Audrey,D,Green,792 Rosemont Avenue,City Of Commerce,CA,90040,US,AudreyDGreen@dayrep.com,323-229-2914,11/21/69,47,Integra Wealth Planners
59,female,England/Wales,Ms.,Emma,L,Nolan,3362 Little Acres Lane,Jacksonville,IL,62650,US,EmmaNolan@jourrapide.com,217-922-1387,10/9/45,71,Handy Dan